Workbook

Sheet Overview
A2: Lotus Ring Bass Model
A5: Parameter | B5: Value | C5: Unit | D5: Meaning
A6: p | B6: =Model!B3 -> 0.027979502 | C6: annual coefficient | D6: Innovation effect
A7: q | B7: =Model!B4 -> 0.73432304 | C7: annual coefficient | D7: Imitation effect
A8: Lotus market potential | B8: =Model!B6 -> 8 | C8: million adopters | D8: Base-case U.S. serviceable market
A9: Smart-speaker fit RMSE | B9: =Model!B8 -> 1.3574185 | C9: percentage points | D9: Typical fit error
A10: Smart-speaker fit R-squared | B10: =Model!B9 -> 0.9805668 | C10: ratio | D10: Variation explained
A12: Year | B12: New adopters (m) | C12: Cumulative adopters (m) | D12: Market penetration
A13: 2026 | B13: 0.32216306 | C13: 0.32216306 | D13: 0.040270383
A14: 2027 | B14: 0.61000805 | C14: 0.93217111 | D14: 0.11652139
A15: 2028 | B15: 1.0283884 | C15: 1.9605595 | D15: 0.24506994
A16: 2029 | B16: 1.4356548 | C16: 3.3962143 | D16: 0.42452679
A17: 2030 | B17: 1.5538469 | C17: 4.9500612 | D17: 0.61875765
A18: 2031 | B18: 1.2801799 | C18: 6.2302412 | D18: 0.77878014
A19: 2032 | B19: 0.83810482 | C19: 7.068346 | D19: 0.88354325
A20: 2033 | B20: 0.46928505 | C20: 7.537631 | D20: 0.94220388
A21: 2034 | B21: 0.24002891 | C21: 7.7776599 | D21: 0.97220749
A22: 2035 | B22: 0.11709526 | C22: 7.8947552 | D22: 0.9868444
A23: 2036 | B23: 0.055804335 | C23: 7.9505595 | D23: 0.99381994
A24: 2037 | B24: 0.02629851 | C24: 7.976858 | D24: 0.99710726
A26: Base case: annual adoption peaks around 2030. The forecast is most sensitive to the 8.0 million market-potential assumption.

Sheet Model
A2: Model build
A3: p | B3: 0.027979502 | D3: Year | E3: t | F3: Observed ownership | G3: Fitted ownership | H3: Residual
A4: q | B4: 0.73432304 | D4: =Sources!A5 -> 2017 | E4: =Sources!B5 -> 3 | F4: =Sources!C5 -> 0.07 | G4: =$B$5*(1-EXP(-($B$3+$B$4)*E4))/(1+($B$4/$B$3)*EXP(-($B$3+$B$4)*E4)) -> 0.090388692 | H4: =F4-G4 -> -0.020388692
A5: Smart-speaker M (%) | B5: 0.36882815 | D5: =Sources!A6 -> 2018 | E5: =Sources!B6 -> 4 | F5: =Sources!C6 -> 0.18 | G5: =$B$5*(1-EXP(-($B$3+$B$4)*E5))/(1+($B$4/$B$3)*EXP(-($B$3+$B$4)*E5)) -> 0.15657743 | H5: =F5-G5 -> 0.02342257
A6: Lotus M (millions) | B6: 8 | D6: =Sources!A7 -> 2019 | E6: =Sources!B7 -> 5 | F6: =Sources!C7 -> 0.23 | G6: =$B$5*(1-EXP(-($B$3+$B$4)*E6))/(1+($B$4/$B$3)*EXP(-($B$3+$B$4)*E6)) -> 0.22821524 | H6: =F6-G6 -> 0.0017847602
A7: Smart-speaker M normalized (millions) | B7: 105.52583 | D7: =Sources!A8 -> 2020 | E7: =Sources!B8 -> 6 | F7: =Sources!C8 -> 0.27 | G7: =$B$5*(1-EXP(-($B$3+$B$4)*E7))/(1+($B$4/$B$3)*EXP(-($B$3+$B$4)*E7)) -> 0.28723604 | H7: =F7-G7 -> -0.017236038
A8: RMSE | B8: 1.3574185 | D8: =Sources!A9 -> 2021 | E8: =Sources!B9 -> 7 | F8: =Sources!C9 -> 0.33 | G8: =$B$5*(1-EXP(-($B$3+$B$4)*E8))/(1+($B$4/$B$3)*EXP(-($B$3+$B$4)*E8)) -> 0.32587562 | H8: =F8-G8 -> 0.0041243808
A9: R-squared | B9: 0.9805668 | D9: =Sources!A10 -> 2022 | E9: =Sources!B10 -> 8 | F9: =Sources!C10 -> 0.35 | G9: =$B$5*(1-EXP(-($B$3+$B$4)*E9))/(1+($B$4/$B$3)*EXP(-($B$3+$B$4)*E9)) -> 0.34751131 | H9: =F9-G9 -> 0.0024886889
D10: =Sources!A11 -> 2023 | E10: =Sources!B11 -> 9 | F10: =Sources!C11 -> 0.36 | G10: =$B$5*(1-EXP(-($B$3+$B$4)*E10))/(1+($B$4/$B$3)*EXP(-($B$3+$B$4)*E10)) -> 0.35857749 | H10: =F10-G10 -> 0.0014225114
A13: Year | B13: Cumulative adopters (m) | C13: New adopters (m) | D13: Market penetration
A14: 2026 | B14: =$B$6*(1-EXP(-($B$3+$B$4)*1))/(1+($B$4/$B$3)*EXP(-($B$3+$B$4)*1)) -> 0.32216306 | C14: =B14 -> 0.32216306 | D14: =B14/$B$6 -> 0.040270383
A15: 2027 | B15: =$B$6*(1-EXP(-($B$3+$B$4)*2))/(1+($B$4/$B$3)*EXP(-($B$3+$B$4)*2)) -> 0.93217111 | C15: =B15-B14 -> 0.61000805 | D15: =B15/$B$6 -> 0.11652139
A16: 2028 | B16: =$B$6*(1-EXP(-($B$3+$B$4)*3))/(1+($B$4/$B$3)*EXP(-($B$3+$B$4)*3)) -> 1.9605595 | C16: =B16-B15 -> 1.0283884 | D16: =B16/$B$6 -> 0.24506994
A17: 2029 | B17: =$B$6*(1-EXP(-($B$3+$B$4)*4))/(1+($B$4/$B$3)*EXP(-($B$3+$B$4)*4)) -> 3.3962143 | C17: =B17-B16 -> 1.4356548 | D17: =B17/$B$6 -> 0.42452679
A18: 2030 | B18: =$B$6*(1-EXP(-($B$3+$B$4)*5))/(1+($B$4/$B$3)*EXP(-($B$3+$B$4)*5)) -> 4.9500612 | C18: =B18-B17 -> 1.5538469 | D18: =B18/$B$6 -> 0.61875766
A19: 2031 | B19: =$B$6*(1-EXP(-($B$3+$B$4)*6))/(1+($B$4/$B$3)*EXP(-($B$3+$B$4)*6)) -> 6.2302412 | C19: =B19-B18 -> 1.2801799 | D19: =B19/$B$6 -> 0.77878014
A20: 2032 | B20: =$B$6*(1-EXP(-($B$3+$B$4)*7))/(1+($B$4/$B$3)*EXP(-($B$3+$B$4)*7)) -> 7.068346 | C20: =B20-B19 -> 0.83810482 | D20: =B20/$B$6 -> 0.88354325
A21: 2033 | B21: =$B$6*(1-EXP(-($B$3+$B$4)*8))/(1+($B$4/$B$3)*EXP(-($B$3+$B$4)*8)) -> 7.537631 | C21: =B21-B20 -> 0.46928505 | D21: =B21/$B$6 -> 0.94220388
A22: 2034 | B22: =$B$6*(1-EXP(-($B$3+$B$4)*9))/(1+($B$4/$B$3)*EXP(-($B$3+$B$4)*9)) -> 7.7776599 | C22: =B22-B21 -> 0.24002891 | D22: =B22/$B$6 -> 0.97220749
A23: 2035 | B23: =$B$6*(1-EXP(-($B$3+$B$4)*10))/(1+($B$4/$B$3)*EXP(-($B$3+$B$4)*10)) -> 7.8947552 | C23: =B23-B22 -> 0.11709526 | D23: =B23/$B$6 -> 0.9868444
A24: 2036 | B24: =$B$6*(1-EXP(-($B$3+$B$4)*11))/(1+($B$4/$B$3)*EXP(-($B$3+$B$4)*11)) -> 7.9505595 | C24: =B24-B23 -> 0.055804335 | D24: =B24/$B$6 -> 0.99381994
A25: 2037 | B25: =$B$6*(1-EXP(-($B$3+$B$4)*12))/(1+($B$4/$B$3)*EXP(-($B$3+$B$4)*12)) -> 7.976858 | C25: =B25-B24 -> 0.02629851 | D25: =B25/$B$6 -> 0.99710726

Sheet Sources
A1: Sources and assumptions
A3: Historical series
A4: Year | B4: t since 2014 | C4: Ownership | D4: Source
A5: 2017 | B5: 3 | C5: 0.07 | D5: Edison Research, Infinite Dial 2023
A6: 2018 | B6: 4 | C6: 0.18 | D6: Edison Research, Infinite Dial 2023
A7: 2019 | B7: 5 | C7: 0.23 | D7: Edison Research, Infinite Dial 2023
A8: 2020 | B8: 6 | C8: 0.27 | D8: Edison Research, Infinite Dial 2023
A9: 2021 | B9: 7 | C9: 0.33 | D9: Edison Research, Infinite Dial 2023
A10: 2022 | B10: 8 | C10: 0.35 | D10: Edison Research, Infinite Dial 2023
A11: 2023 | B11: 9 | C11: 0.36 | D11: Edison Research, Infinite Dial 2023
A13: Reference | B13: URL | C13: Use
A14: TIME - Lotus Ring | B14: https://time.com/collections/best-inventions-2025/7318226/lotus-ring/ | C14: Product description
A15: Lotus | B15: https://getlotus.com/ | C15: Features and price
A16: Edison Research | B16: https://www.edisonresearch.com/wp-content/uploads/2023/03/The-Infinite-Dial-2023.pdf | C16: Historical series
A17: Bass (1969) | B17: https://doi.org/10.1287/mnsc.15.5.215 | C17: Model
A18: U.S. Census Bureau | B18: https://www.census.gov/quickfacts/fact/table/US/PST045225 | C18: Population
A19: CDC | B19: https://www.cdc.gov/places/measure-definitions/disability.html | C19: Mobility prevalence
A21: Fermi input | B21: Value | C21: Source / note
A22: U.S. population (millions), 2024 | B22: 340.11099 | C22: U.S. Census Bureau QuickFacts
A23: Population under 18 | B23: 0.215 | C23: U.S. Census Bureau QuickFacts
A24: U.S. adults (millions) | B24: 266.98713 | C24: Calculated
A25: Adults with mobility disability | B25: 0.122 | C25: CDC, 2022 prevalence
A26: Serviceable share | B26: 0.25 | C26: Modeling assumption
